player_id,total_value
1,66000000
2,51000000
3,56250000
4,47500000
5,32500000
6,40000000
7,32000000
8,15400000
9,36500000
10,33750000
11,33000000
12,32500000
13,6000000
14,30000000
15,1765000
16,16500000
17,16150000
18,14250000
19,18341876
20,17500000
21,4200000
22,15897658
23,3095000
24,10265742
25,141000000
26,114500000
27,66000000
28,4500000
29,8891810
30,8265106
31,2025000
32,7843422
33,1800000
34,135000000
35,15967200
36,52000000
37,57500000
38,23000000
39,27271240
40,26000000
41,15000000
42,9250000
43,3050000
44,1400000
45,50268088
46,4406640
47,4158150
48,141000000
49,105000000
50,104000000
51,90000000
52,102600000
53,85000000
54,8000000
55,15877312
56,15782990
57,18454286
58,4095336
59,1020000
60,895000
61,3546268
62,3491720
63,135000000
64,100000000
65,60400000
66,114500000
67,85000000
68,66000000
69,15967200
70,67500000
71,102600000
72,85000000
73,100000000
74,82500000
75,65200000
76,80500000
77,64000000
78,6800000
79,11641260
80,9258810
81,2025000
82,6733690
83,105000000
84,141000000
85,1720000
86,3402116
87,805000
88,805000
89,60000000
90,48000000
91,33250000
92,52500000
93,52281000
94,41000000
95,36700000
96,25200000
97,54000000
98,52000000
99,61795295
100,57500000
101,65200000
102,80500000
103,15209000
104,28085000
105,50000000
106,37000000
107,15209000
108,60400000
109,62000000
110,60000000
111,58000000
112,72000000
113,28085000
114,40500000
115,5000000
116,5749638
117,5575506
118,5324722
119,1200000
120,4293762
121,104000000
122,90000000
123,85000000
124,85000000
125,82500000
126,105000000
127,104000000
128,114500000
129,90000000
130,85000000
131,85000000
132,66000000
133,805000
134,3142732
135,3062792
136,720000
137,720000
138,32529380
139,21750000
140,21000000
141,18630868
142,12000000
143,135000000
144,23000000
145,44400000
146,43000000
147,42000000
148,50250000
149,50000000
150,50000000
151,30000000
152,28000000
153,46250000
154,40000000
155,50000000
156,37000000
157,60000000
158,48000000
159,12000000
160,4265902
161,1030000
162,4083482
163,3654808
164,3397180
165,64000000
166,62000000
167,60000000
168,58000000
169,72000000
170,82500000
171,64000000
172,15967200
173,62000000
174,60000000
175,58000000
176,72000000
177,84000000
178,60000000
179,45000000
180,2784524
181,1350000
182,2687600
183,2670320
184,2647840
185,2612368
186,645000
187,2575968
188,12663754
189,3095000
190,11596600
191,5750000
192,5000000
193,2000000
194,102600000
195,100000000
196,50000000
197,38000000
198,45000000
199,35500000
200,34000000
201,9250000
202,10550000
203,10000000
204,15000000
205,19675154
206,18190990
207,33250000
208,55000000
209,21500000
210,42040000
211,52500000
212,52281000
213,41000000
214,66500000
215,3366848
216,795000
217,3135828
218,3123920
219,3007012
220,2826896
221,30000000
222,40500000
223,40000000
224,12000000
225,55000000
226,21500000
227,80000000
228,40500000
229,40000000
230,52000000
231,12000000
232,57500000
233,42040000
234,14418360
235,55000000
236,50000000
237,10000000
238,45025000
239,45000000
240,34000000
241,44500000
242,22000000
243,42000000
244,2535028
245,1230000
246,1230000
247,1200000
248,1765000
249,1400000
250,5073852
251,1250000
252,4572102
253,4047880
254,3937904
255,65200000
256,80500000
257,15209000
258,60400000
259,28085000
260,24000000
261,31000000
262,23000000
263,22500000
264,29315818
265,4500000
266,13500000
267,8500000
268,12450000
269,4000000
270,12000000
271,15500000
272,50000000
273,30000000
274,28000000
275,46250000
276,9250000
277,60000000
278,58500000
279,44000000
280,54125000
281,50000000
282,1380000
283,2734536
284,2723292
285,2631900
286,2595736
287,2594576
288,46842000
289,46750000
290,17100000
291,42500000
292,17000000
293,32000000
294,45000000
295,9000000
296,25500000
297,33551874
298,16750000
299,8000000
300,31360824
301,62000000
302,72500000
303,41250000
304,53000000
305,66000000
306,66000000
307,55000000
308,21500000
309,45000000
310,9000000
311,25500000
312,33551874
313,16750000
314,13248048
315,3095000
316,2500000
317,9361642
318,5662228
319,41264500
320,40000000
321,29000000
322,12200000
323,18250000
324,51703000
325,47500000
326,56400000
327,27030000
328,45000000
329,27000000
330,44500000
331,1763000
332,1762500
333,1762000
334,1761000
335,1760000
336,3875720
337,1825000
338,3596436
339,895000
340,895000
341,3559644
342,3413520
343,50000000
344,37000000
345,60000000
346,48000000
347,33250000
348,42040000
349,52500000
350,28910000
351,28000000
352,14000000
353,27271240
354,26000000
355,19000000
356,15439098
357,14824238
358,14400000
359,12801646
360,9000000
361,11422158
362,10154954
363,36700000
364,45000000
365,9000000
366,25500000
367,25200000
368,33551874
369,36000000
370,28000000
371,28000000
372,23888912
373,17627000
374,22500000
375,16500000
376,645000
377,1935000
378,645000
379,2578408
380,2533740
381,15000000
382,36500000
383,40800000
384,32500000
385,13000000
386,18900000
387,30412254
388,22500000
389,22500000
390,28154382
391,7000000
392,25873672
393,18000000
394,65000000
395,97600000
396,48000000
397,48000000
398,58750000
399,34500000
400,80000000
401,62000000
402,72500000
403,84000000
404,41250000
405,8000000
406,31360824
407,23000000
408,30412254
409,22500000
410,22500000
411,28154382
412,2750000
413,3870380
414,3114256
415,2819280
416,1380000
417,1380000
418,2728044
419,2615236
420,17100000
421,16200000
422,21215638
423,15500000
424,15055000
425,25500000
426,24500000
427,15000000
428,16750000
429,17500000
430,12600000
431,1760000
432,1758000
433,1758000
434,1755000
435,1755000
436,1755000
437,845000
438,3261676
439,3235512
440,3146608
441,1510000
442,2912356
443,52281000
444,41000000
445,50000000
446,30000000
447,28000000
448,18600000
449,12050000
450,12000000
451,17250000
452,16500000
453,5057000
454,9900000
455,470000
456,8600592
457,8396516
458,2025000
459,16750000
460,32529380
461,8000000
462,31360824
463,16500000
464,21000000
465,26000000
466,8250000
467,4000000
468,11780138
469,11393496
470,8250000
471,1230000
472,1230000
473,1765000
474,1765000
475,1757000
476,1755000
477,1755000
478,18750000
479,18300000
480,18000000
481,22600000
482,15000000
483,19821226
484,17800000
485,22742636
486,27500000
487,9000000
488,4000000
489,12000000
490,33750000
491,43812000
492,37000000
493,17500000
494,24000000
495,7500000
496,6500000
497,66500000
498,53000000
499,66000000
500,65000000
501,51000000
502,7000000
503,27271240
504,26000000
505,25873672
506,18000000
507,2594576
508,645000
509,645000
510,645000
511,1769000
512,1765000
513,1765000
514,1765000
515,9000000
516,12000000
517,14708756
518,7250000
519,3250000
520,3095000
521,6000000
522,5000000
523,8279218
524,11750000
525,12882870
526,3095000
527,9000000
528,6000000
529,1755000
530,1755000
531,1755000
532,1755000
533,1755000
534,720000
535,1420000
536,2833268
537,2819648
538,2816404
539,46250000
540,9250000
541,36700000
542,25200000
543,32529380
544,10750000
545,10500000
546,15000000
547,15000000
548,15000000
549,18871768
550,9250000
551,18477166
552,2000000
553,1750000
554,6231240
555,1350000
556,5233638
557,30412254
558,22500000
559,22500000
560,21750000
561,28154382
562,21000000
563,7000000
564,25873672
565,2750000
566,2050000
567,2000000
568,7518394
569,3750000
570,7450740
571,6950156
572,1600000
573,1755000
574,1755000
575,1725000
576,570000
577,1710000
578,570000
579,18000000
580,4250000
581,4000000
582,8000000
583,10700000
584,3750000
585,13741900
586,13540186
587,12850988
588,10843976
589,10836078
590,10278976
591,6000000
592,24000000
593,20484332
594,10000000
595,17630166
596,7500000
597,13471308
598,12457650
599,97600000
600,48000000
601,48000000
602,60000000
603,17800000
604,22742636
605,27500000
606,15000000
607,9250000
608,1762500
609,1760000
610,1760000
611,1756500
612,1756500
613,1756000
614,1755000
615,1755000
616,5000000
617,2500000
618,9304310
619,2025000
620,7507470
621,11712492
622,8250000
623,10450986
624,5000000
625,5000000
626,1755000
627,1717500
628,570000
629,570000
630,1685000
631,1080000
632,2781468
633,1380000
634,2759480
635,2723392
636,2723392
637,1350000
638,21750000
639,21000000
640,10550000
641,10000000
642,15000000
643,4500000
644,8000000
645,4000000
646,8000000
647,15877312
648,15782990
649,4889636
650,4878196
651,4704282
652,1030000
653,3907152
654,3745600
655,18000000
656,17800000
657,22742636
658,27500000
659,10550000
660,6090582
661,2975000
662,5488996
663,3500000
664,4409034
665,570000
666,1080000
667,1080000
668,1050000
669,1050000
670,1050000
671,6600000
672,6500000
673,12590724
674,6000000
675,10216792
676,10028638
677,5000000
678,9842628
679,2250000
680,12371612
681,1225550
682,11441910
683,11032134
684,10966978
685,8912112
686,2000000
687,60000000
688,58750000
689,58500000
690,34500000
691,56250000
692,9000000
693,8000000
694,4000000
695,12000000
696,15877312
697,15782990
698,1755000
699,1755000
700,1755000
701,1755000
702,1671500
703,1080000
704,1050000
705,1050000
706,7193688
707,7142282
708,6686906
709,1600000
710,1250000
711,3700180
712,895000
713,4550000
714,4300000
715,6782618
716,2700000
717,4774972
718,4224568
719,1080000
720,1080000
721,1080000
722,1080000
723,1080000
724,2688632
725,2645252
726,2634256
727,2595572
728,645000
729,645000
730,19675154
731,18630868
732,18190990
733,4500000
734,13500000
735,8500000
736,7650000
737,3750000
738,18454286
739,18225204
740,14495228
741,3500000
742,6800000
743,3673180
744,895000
745,3550180
746,3476140
747,3261893
748,3235040
749,3202596
750,10000000
751,15000000
752,19675154
753,18630868
754,18190990
755,3525000
756,5750000
757,2295000
758,4540000
759,1030000
760,1020000
761,3731632
762,920000
763,895000
764,895000
765,1660000
766,15600000
767,20814716
768,85000000
769,9000000
770,8850000
771,8600000
772,11094856
773,11036032
774,85000000
775,4150000
776,2025000
777,2000000
778,1850000
779,1750000
780,1750000
781,7638928
782,7018128
783,3000000
784,5004300
785,4183234
786,1020000
787,3972364
788,895000
789,33750000
790,45000000
791,44500000
792,55000000
793,22000000
794,44000000
795,3750000
796,18454286
797,13741900
798,6800000
799,13540186
800,12850988
801,11641260
802,495000
803,3517312
804,870000
805,3403116
806,845000
807,3368704
808,3259940
809,2100000
810,1005000
811,3747840
812,895000
813,810000
814,3221516
815,805000
816,1080000
817,1080000
818,1050000
819,1050000
820,495000
821,645000
822,645000
823,2564792
824,2540680
825,1200000
826,1767500
827,12450000
828,4000000
829,12000000
830,12000000
831,15500000
832,15439098
833,14824238
834,6800000
835,13478172
836,6350000
837,12659544
838,3095000
839,3191396
840,3175663
841,3078360
842,760000
843,2948412
844,2900224
845,725000
846,4500000
847,9000000
848,13500000
849,8500000
850,12450000
851,4000000
852,12000000
853,4000000
854,4500000
855,1120000
856,1120000
857,1120000
858,1120000
859,5600000
860,4410000
861,1645000
862,3243364
863,805000
864,805000
865,3213428
866,3210872
867,13600276
868,16250000
869,12550000
870,14500000
871,11200000
872,11000000
873,61795295
874,43000000
875,42000000
876,50000000
877,50000000
878,24000000
879,22500000
880,5500000
881,10718546
882,10000000
883,9525345
884,2350000
885,2100000
886,2025000
887,67500000
888,54000000
889,61795295
890,23000000
891,44400000
892,43000000
893,42000000
894,75250000
895,6609640
896,1625000
897,6100516
898,6036312
899,1500000
900,5944506
901,1400000
902,3546268
903,3482180
904,3452043
905,3407364
906,3397072
907,43812000
908,54125000
909,42000000
910,51703000
911,50000000
912,50000000
913,10000000
914,10843976
915,10836078
916,10278976
917,10216792
918,10028638
919,5000000
920,9842628
921,805000
922,3217532
923,3170808
924,2784332
925,1380000
926,1380000
927,805000
928,3146936
929,3037920
930,720000
931,720000
932,720000
933,495000
934,495000
935,495000
936,495000
937,975000
938,1767000
939,1760000
940,1763000
941,1763000
942,1762000
943,1761000
944,1760000
945,14418360
946,14400000
947,13248048
948,12801646
949,12663754
950,3095000
951,3095000
952,11847784
953,5835000
954,11641260
955,11577192
956,5500000
957,10969420
958,2600000
959,725000
960,2882344
961,720000
962,720000
963,720000
964,720000
965,12000000
966,12000000
967,15500000
968,15439098
969,3750000
970,14824238
971,14418360
972,5475000
973,4310000
974,4270000
975,6370000
976,4150000
977,4000000
978,3008392
979,720000
980,2831896
981,2744252
982,2714124
983,2639948
984,2585916
985,75250000
986,67500000
987,42000000
988,7950000
989,7520000
990,7500000
991,8700000
992,4000000
993,3700000
994,3500000
995,7800000
996,29315818
997,28000000
998,18600000
999,12050000
1000,12000000
1001,16500000
1002,10500000
1003,2000000
1004,5550000
1005,6611924
1006,6380308
1007,6044448
1008,1500000
1009,5910516
1010,50250000
1011,50000000
1012,50000000
1013,38000000
1014,45000000
1015,75000000
1016,72500000
1017,70100000
1018,70050000
1019,42000000
1020,56000000
1021,84000000
1022,5218404
1023,1100000
1024,4366054
1025,4321218
1026,4082294
1027,1000000
1028,3846263
1029,3827312
1030,3342172
1031,3278816
1032,815000
1033,1540000
1034,2986420
1035,720000
1036,2870488
1037,2747684
1038,47500000
1039,47500000
1040,56400000
1041,37000000
1042,27030000
1043,45025000
1044,9258810
1045,2250000
1046,4150000
1047,2025000
1048,2025000
1049,2000000
1050,2661452
1051,2601948
1052,2593184
1053,2592784
1054,2582412
1055,645000
1056,645000
1057,645000
1058,2830824
1059,1380000
1060,2708136
1061,1350000
1062,1350000
1063,2628556
1064,975000
1065,1760000
1066,1760000
1067,1757500
1068,1755500
1069,1755000
1070,1755000
1071,3095000
1072,9000000
1073,11596600
1074,10221644
1075,2500000
1076,5000000
1077,9258810
1078,9035568
1079,2875844
1080,2820596
1081,2819648
1082,2779044
1083,1350000
1084,1350000
1085,1350000
1086,14400000
1087,13741900
1088,13540186
1089,13248048
1090,12850988
1091,1000000
1092,3900000
1093,955000
1094,2745000
1095,4450000
1096,810000
1097,3235000
1098,645000
1099,2571696
1100,1230000
1101,1200000
1102,1200000
1103,1765000
1104,1763000
1105,20000000
1106,4971000
1107,17000000
1108,8500000
1109,90000000
1110,75000000
1111,72500000
1112,70100000
1113,70050000
1114,56000000
1115,68750000
1116,67500000
1117,54000000
1118,23000000
1119,44400000
1120,50250000
1121,38000000
1122,45000000
1123,35500000
1124,34000000
1125,84000000
1126,55000000
1127,48000000
1128,42000000
1129,51250000
1130,47500000
1131,140000000
1132,1500000
1133,3284072
1134,720000
1135,2810800
1136,2750152
1137,2677556
1138,2677556
1139,57500000
1140,15000000
1141,18871768
1142,18477166
1143,8000000
1144,7650000
1145,5798444
1146,5624282
1147,2800000
1148,5506296
1149,2700000
1150,1200000
1151,2225000
1152,35500000
1153,34000000
1154,24000000
1155,31000000
1156,22500000
1157,55000000
1158,68750000
1159,67500000
1160,65000000
1161,62500000
1162,3619200
1163,3617400
1164,3598862
1165,895000
1166,3572556
1167,880000
1168,3480587
1169,3422960
1170,2705004
1171,1350000
1172,2699548
1173,2689336
1174,2625852
1175,2599612
1176,2594576
1177,645000
1178,45000000
1179,36000000
1180,45000000
1181,27000000
1182,44500000
1183,1850000
1184,1750000
1185,1750000
1186,6733690
1187,5000000
1188,6609640
1189,1625000
1190,645000
1191,645000
1192,645000
1193,645000
1194,2529072
1195,1890000
1196,2472380
1197,1230000
1198,2603900
1199,2594576
1200,645000
1201,645000
1202,645000
1203,645000
1204,645000
1205,2578408
1206,1755000
1207,1755000
1208,1755000
1209,1755000
1210,5750000
1211,11422158
1212,10154954
1213,5057000
1214,2500000
1215,5000000
1216,8808726
1217,4100000
1218,2025000
1219,2000000
1220,2000000
1221,4000000
1222,6000000
1223,5500000
1224,2689096
1225,2647840
1226,2632316
1227,2616512
1228,2603504
1229,2601948
1230,12801646
1231,12663754
1232,3095000
1233,3095000
1234,9000000
1235,11596600
1236,720000
1237,720000
1238,720000
1239,720000
1240,2594580
1241,1200000
1242,645000
1243,2537344
1244,1762500
1245,1760000
1246,1760000
1247,1760000
1248,1760000
1249,1757000
1250,1755500
1251,16806000
1252,20250000
1253,16100000
1254,20000000
1255,3875000
1256,50125000
1257,82500000
1258,81000000
1259,81000000
1260,64800000
1261,48000000
1262,75500000
1263,21000000
1264,8400000
1265,5400000
1266,3600000
1267,6975000
1268,65000000
1269,62500000
1270,61250000
1271,12050000
1272,48000000
1273,34250000
1274,33000000
1275,31000000
1276,28910000
1277,14000000
1278,19000000
1279,17250000
1280,10750000
1281,36000000
1282,35000000
1283,34000000
1284,22500000
1285,22050000
1286,7000000
1287,19500000
1288,68000000
1289,134000000
1290,150000000
1291,84000000
1292,137500000
1293,135000000
1294,125025000
1295,645000
1296,2531624
1297,2420008
1298,2415796
1299,1765000
1300,1757500
1301,52500000
1302,39000000
1303,41250000
1304,40050000
1305,31194750
1306,30000000
1307,18225204
1308,3500000
1309,12659544
1310,3095000
1311,3095000
1312,11847784
1313,11577192
1314,4250844
1315,3165524
1316,1020000
1317,1000000
1318,1925000
1319,29315818
1320,28910000
1321,28000000
1322,14000000
1323,19000000
1324,18600000
1325,61250000
1326,12050000
1327,48000000
1328,48000000
1329,34250000
1330,33000000
1331,52500000
1332,42000000
1333,3439421
1334,3304896
1335,3302264
1336,3295040
1337,3252632
1338,805000
1339,1595000
1340,645000
1341,645000
1342,645000
1343,2578408
1344,2565124
1345,17500000
1346,25500000
1347,34000000
1348,41264500
1349,24500000
1350,32500000
1351,24000000
1352,40000000
1353,6100516
1354,6036312
1355,1500000
1356,5944506
1357,5749638
1358,1400000
1359,5575506
1360,1230000
1361,1230000
1362,2401988
1363,1200000
1364,1200000
1365,2547180
1366,2533136
1367,2510024
1368,1230000
1369,1230000
1370,1755000
1371,1755000
1372,1755000
1373,1755000
1374,1755000
1375,1755000
1376,1719000
1377,9900000
1378,470000
1379,9361642
1380,8600592
1381,8396516
1382,2025000
1383,2000000
1384,2000000
1385,7247808
1386,3600000
1387,6893968
1388,6733690
1389,2598320
1390,645000
1391,645000
1392,645000
1393,645000
1394,2554428
1395,2547868
1396,5750000
1397,11422158
1398,10843976
1399,10836078
1400,10278976
1401,10216792
1402,10154954
1403,5057000
1404,1230000
1405,1757500
1406,1757000
1407,1755000
1408,1755000
1409,1755000
1410,1755000
1411,1755000
1412,1755000
1413,1755000
1414,1755000
1415,1755000
1416,15450000
1417,11400000
1418,15500000
1419,11254000
1420,3095000
1421,8850000
1422,7575000
1423,60000000
1424,58000000
1425,72000000
1426,71250000
1427,42000000
1428,65000000
1429,52000000
1430,45000000
1431,3000000
1432,2230000
1433,2200000
1434,1350000
1435,2623556
1436,52500000
1437,41102000
1438,30000000
1439,10000000
1440,57000000
1441,27150000
1442,36000000
1443,15000000
1444,4500000
1445,4000000
1446,3750000
1447,14495228
1448,6800000
1449,13478172
1450,6350000
1451,5835000
1452,13000000
1453,18600000
1454,30500000
1455,24010000
1456,24000000
1457,22258808
1458,10502050
1459,50000000
1460,122970000
1461,94000000
1462,66400000
1463,88000000
1464,1757000
1465,1755500
1466,1755000
1467,1755000
1468,1755000
1469,1714000
1470,27150882
1471,26000000
1472,24956338
1473,15610000
1474,15500000
1475,15000000
1476,19800000
1477,17241304
1478,10969420
1479,10221644
1480,2500000
1481,5000000
1482,9035568
1483,4000000
1484,3640454
1485,895000
1486,895000
1487,895000
1488,895000
1489,895000
1490,12050000
1491,12000000
1492,17250000
1493,16500000
1494,10750000
1495,10500000
1496,15000000
1497,15000000
1498,41102000
1499,51250000
1500,30000000
1501,10000000
1502,57000000
1503,3175788
1504,3141964
1505,3129992
1506,3070200
1507,3057592
1508,3052620
1509,2561804
1510,2549392
1511,2529072
1512,1230000
1513,1230000
1514,1200000
1515,1775000
1516,1765000
1517,40000000
1518,32000000
1519,15400000
1520,15000000
1521,7500000
1522,36500000
1523,29000000
1524,5324722
1525,5218404
1526,1200000
1527,1100000
1528,4366054
1529,1770000
1530,1763000
1531,1760500
1532,1760000
1533,1757500
1534,1757000
1535,1206000
1536,1770000
1537,1765000
1538,1760000
1539,1758500
1540,1757500
1541,1757000
1542,1755000
1543,570000
1544,570000
1545,1080000
1546,495000
1547,495000
1548,495000
1549,495000
1550,495000
1551,1750000
1552,6231240
1553,5662228
1554,1400000
1555,5000000
1556,6494972
1557,6334438
1558,4750000
1559,1550000
1560,3050000
1561,1500000
1562,1500000
1563,2534348
1564,1230000
1565,1230000
1566,1230000
1567,1230000
1568,1200000
1569,1200000
1570,1775000
1571,10028638
1572,2500000
1573,5000000
1574,5000000
1575,9900000
1576,9842628
1577,570000
1578,1665000
1579,1080000
1580,1080000
1581,1050000
1582,1755000
1583,1755000
1584,1755000
1585,1755000
1586,1755000
1587,1755000
1588,1738235
1589,1722500
1590,1715000
1591,2300000
1592,6750000
1593,4205000
1594,1755000
1595,1000000
1596,1000000
1597,2845772
1598,44400000
1599,33000000
1600,11000000
1601,31800000
1602,41000000
1603,2610912
1604,2544204
1605,2504308
1606,2469680
1607,2400000
1608,1765000
1609,27000000
1610,27000000
1611,25800000
1612,25500000
1613,34000000
1614,31000000
1615,22500000
1616,5500000
1617,2600000
1618,8808726
1619,4100000
1620,2000000
1621,2000000
1622,10000000
1623,19500000
1624,13500000
1625,13500000
1626,17000000
1627,84000000
1628,83250000
1629,103800000
1630,41000000
1631,96000000
1632,35158644
1633,1712000
1634,1712000
1635,1710000
1636,1710000
1637,1677000
1638,1669000
1639,1080000
1640,8500000
1641,12000000
1642,11550000
1643,14400000
1644,7000000
1645,6000000
1646,5500000
1647,6893968
1648,6494972
1649,4750000
1650,3050000
1651,895000
1652,3555820
1653,3453160
1654,3356784
1655,3323516
1656,3226572
1657,805000
1658,805000
1659,18871768
1660,18477166
1661,4500000
1662,4000000
1663,8000000
1664,47500000
1665,27150000
1666,36000000
1667,27000000
1668,27000000
1669,36000000
1670,35000000
1671,3008392
1672,3008392
1673,2980560
1674,735000
1675,735000
1676,720000
1677,2806784
1678,1350000
1679,1760000
1680,1760000
1681,1760000
1682,1760000
1683,1758000
1684,1758000
1685,1757500
1686,28000000
1687,28000000
1688,33750000
1689,33000000
1690,6500000
1691,4321218
1692,4293762
1693,4265902
1694,1030000
1695,4083482
1696,4082294
1697,1000000
1698,1757000
1699,1755500
1700,1755000
1701,1755000
1702,1755000
1703,1755000
1704,1755000
1705,1755000
1706,1755000
1707,1755000
1708,1755000
1709,1755000
1710,1755000
1711,2750000
1712,1350000
1713,5233638
1714,5073852
1715,1250000
1716,3000000
1717,5841370
1718,5759578
1719,5749638
1720,5575506
1721,2750000
1722,1350000
1723,1767500
1724,1767500
1725,1767000
1726,1765000
1727,1760000
1728,1758000
1729,1757500
1730,470000
1731,9361642
1732,2250000
1733,8600592
1734,8396516
1735,1715000
1736,1710000
1737,570000
1738,570000
1739,570000
1740,1125000
1741,1080000
1742,2780456
1743,645000
1744,645000
1745,645000
1746,2551200
1747,1200000
1748,1200000
1749,10000000
1750,28500000
1751,37500000
1752,36000000
1753,27000000
1754,1757000
1755,1755000
1756,1080000
1757,1050000
1758,495000
1759,495000
1760,22500000
1761,29165356
1762,21000000
1763,27000000
1764,6500000
1765,19000000
1766,7247808
1767,3600000
1768,6334438
1769,1550000
1770,5759578
1771,2750000
1772,1350000
1773,3809200
1774,16447768
1775,16000000
1776,4000000
1777,6500000
1778,7500000
1779,13000000
1780,32682980
1781,30247694
1782,7500000
1783,29032436
1784,7250000
1785,7000000
1786,1080000
1787,1065000
1788,1052000
1789,495000
1790,9750000
1791,3095000
1792,6000000
1793,11933394
1794,8650000
1795,1500000
1796,1500000
1797,3000000
1798,5841370
1799,2500000
1800,3207992
1801,3175913
1802,3171368
1803,3110268
1804,3092232
1805,3056880
1806,3008392
1807,7650000
1808,3750000
1809,18225204
1810,14495228
1811,3500000
1812,25800000
1813,25500000
1814,34000000
1815,34000000
1816,31000000
1817,22500000
1818,22500000
1819,2677608
1820,2618464
1821,2610404
1822,1935000
1823,1935000
1824,645000
1825,1755000
1826,1755000
1827,1755000
1828,1755000
1829,32500000
1830,12200000
1831,18250000
1832,6000000
1833,6000000
1834,24000000
1835,30000000
1836,3846263
1837,3827312
1838,3654808
1839,3619200
1840,3617400
1841,3598862
1842,1755000
1843,1755000
1844,1716000
1845,1715000
1846,1715000
1847,570000
1848,1755000
1849,1720000
1850,1710000
1851,1669000
1852,1080000
1853,1080000
1854,1080000
1855,4889636
1856,4878196
1857,4704282
1858,4572102
1859,1030000
1860,4047880
1861,3937904
1862,3907152
1863,5324722
1864,2500000
1865,1200000
1866,4697534
1867,4545640
1868,1757000
1869,1756500
1870,1756000
1871,1756000
1872,1755000
1873,1755000
1874,1755000
1875,4150000
1876,2025000
1877,2025000
1878,2000000
1879,2000000
1880,2000000
1881,1850000
1882,1750000
1883,1080000
1884,1080000
1885,1050000
1886,1050000
1887,495000
1888,495000
1889,495000
1890,1760000
1891,1756000
1892,1755000
1893,1755000
1894,1755000
1895,1735000
1896,36000000
1897,27000000
1898,34000000
1899,32000000
1900,24000000
1901,40000000
1902,24000000
1903,18000000
1904,23350998
1905,16500000
1906,3735876
1907,3593728
1908,3586404
1909,895000
1910,895000
1911,895000
1912,3517752
1913,12600108
1914,12517688
1915,12388952
1916,3095000
1917,3000000
1918,27937672
1919,26676338
1920,25664056
1921,25351277
1922,24213974
1923,11000000
1924,11000000
1925,21183034
1926,2800000
1927,10765436
1928,10669762
1929,5100000
1930,5030000
1931,9626694
1932,2125000
1933,2000000
1934,4697534
1935,4545640
1936,4471738
1937,1100000
1938,3979325
1939,930000
1940,2999244
1941,2920860
1942,2912356
1943,720000
1944,720000
1945,720000
1946,6800000
1947,13478172
1948,6350000
1949,12659544
1950,3095000
1951,3095000
1952,11847784
1953,22500000
1954,22050000
1955,29165356
1956,21000000
1957,7000000
1958,27000000
1959,19500000
1960,645000
1961,645000
1962,2578408
1963,2558044
1964,2463724
1965,1230000
1966,1755000
1967,1755000
1968,1755000
1969,1755000
1970,1730000
1971,23888912
1972,1765000
1973,17100000
1974,17627000
1975,22500000
1976,895000
1977,3572556
1978,880000
1979,3480587
1980,3422960
1981,3397180
1982,570000
1983,1665000
1984,1080000
1985,1080000
1986,1050000
1987,500000
1988,495000
1989,495000
1990,3875720
1991,3870380
1992,3745600
1993,3673180
1994,4471738
1995,1100000
1996,4293762
1997,4265902
1998,1030000
1999,1755000
2000,1755000
2001,1755000
2002,1755000
2003,1755000
2004,1755000
2005,1750000
2006,1750000
2007,6609640
2008,1625000
2009,570000
2010,1710000
2011,1080000
2012,1080000
2013,1050000
2014,1050000
2015,40000000
2016,15500000
2017,29000000
2018,34000000
2019,26000000
2020,32500000
2021,25394750
2022,18850000
2023,15675000
2024,10000000
2025,20000000
2026,10000000
2027,4500000
2028,3465592
2029,1690000
2030,3342172
2031,3323141
2032,3257016
2033,11884316
2034,11495198
2035,2750000
2036,10737646
2037,10697790
2038,10342236
2039,5000000
2040,10000000
2041,17597760
2042,16425962
2043,14416614
2044,13854482
2045,6700000
2046,6500000
2047,3700000
2048,7383094
2049,7071926
2050,3300000
2051,6503698
2052,895000
2053,895000
2054,3454756
2055,3406136
2056,3404124
2057,805000
2058,805000
2059,2864460
2060,1380000
2061,2741804
2062,2741032
2063,2720008
2064,2718064
2065,2700948
2066,1350000
2067,5835000
2068,11577192
2069,5500000
2070,10969420
2071,2600000
2072,6500000
2073,13000000
2074,19000000
2075,18600000
2076,30500000
2077,1230000
2078,1230000
2079,1200000
2080,1200000
2081,1200000
2082,1200000
2083,1770000
2084,1770000
2085,1717500
2086,1713000
2087,570000
2088,570000
2089,570000
2090,1125000
2091,1680000
2092,16750000
2093,16500000
2094,16500000
2095,16500000
2096,16200000
2097,16150000
2098,3366848
2099,3439421
2100,3304896
2101,3302264
2102,3295040
2103,3252632
2104,805000
2105,805000
2106,1080000
2107,1050000
2108,505000
2109,500000
2110,495000
2111,495000
2112,495000
2113,1825000
2114,3596436
2115,895000
2116,895000
2117,895000
2118,3559644
2119,3550180
2120,4083482
2121,3979325
2122,3809200
2123,3735876
2124,930000
2125,1755000
2126,1720000
2127,1718000
2128,1715000
2129,570000
2130,1710000
2131,570000
2132,6231240
2133,6100516
2134,6036312
2135,1500000
2136,5944506
2137,5662228
2138,495000
2139,495000
2140,22663120
2141,11000000
2142,10000000
2143,10000000
2144,5000000
2145,19750056
2146,9000000
2147,4500000
2148,15359736
2149,15152320
2150,805000
2151,805000
2152,3178808
2153,5000000
2154,5000000
2155,7250000
2156,6900000
2157,2025000
2158,2025000
2159,2000000
2160,4000000
2161,6500000
2162,3095000
2163,3000000
2164,9471652
2165,4000000
2166,3200000
2167,6353310
2168,1500000
2169,5450162
2170,5407930
2171,5360230
2172,1305000
2173,805000
2174,805000
2175,3173984
2176,3138576
2177,3099900
2178,1510000
2179,2973956
2180,2230000
2181,1350000
2182,2698296
2183,2682052
2184,2676516
2185,2627400
2186,2620448
2187,10221644
2188,2500000
2189,5000000
2190,9035568
2191,8808726
2192,4100000
2193,2000000
2194,24010000
2195,24000000
2196,18000000
2197,24000000
2198,23350998
2199,22258808
2200,16500000
2201,1770000
2202,1765000
2203,1760000
2204,1758000
2205,1757500
2206,1757500
2207,1757000
2208,1100000
2209,1080000
2210,1080000
2211,1080000
2212,1080000
2213,1080000
2214,21215638
2215,21000000
2216,26000000
2217,15500000
2218,20484332
2219,15055000
2220,10000000
2221,14250000
2222,1595000
2223,795000
2224,3175788
2225,3141964
2226,3135828
2227,3129992
2228,3123920
2229,3070200
2230,495000
2231,495000
2232,495000
2233,495000
2234,495000
2235,3476140
2236,3413520
2237,845000
2238,3261893
2239,3261676
2240,3654808
2241,3593728
2242,3586404
2243,895000
2244,895000
2245,895000
2246,895000
2247,570000
2248,570000
2249,1125000
2250,1670000
2251,1668500
2252,1080000
2253,1080000
2254,1400000
2255,1400000
2256,2750000
2257,1350000
2258,5233638
2259,4500000
2260,17115864
2261,4000000
2262,4000000
2263,11000000
2264,7000000
2265,3095000
2266,14177654
2267,3500000
2268,10500000
2269,10500000
2270,10000000
2271,6600000
2272,12944364
2273,3175288
2274,3114440
2275,3035628
2276,3032528
2277,3013092
2278,7915728
2279,7671000
2280,1907000
2281,7375998
2282,3500000
2283,4000000
2284,2000000
2285,1950000
2286,3780000
2287,1875000
2288,7010820
2289,4815000
2290,1600000
2291,4541936
2292,1100000
2293,1020000
2294,1020000
2295,1020000
2296,1000000
2297,2922208
2298,2915120
2299,720000
2300,2856176
2301,2842520
2302,2828804
2303,2616552
2304,2613992
2305,2594576
2306,645000
2307,645000
2308,1935000
2309,645000
2310,2000000
2311,4000000
2312,6000000
2313,5500000
2314,7247808
2315,3600000
2316,6893968
2317,10502050
2318,15675000
2319,10000000
2320,20000000
2321,10000000
2322,1755000
2323,2340000
2324,1755000
2325,1755000
2326,1755000
2327,1755000
2328,1755000
2329,1050000
2330,1050000
2331,1050000
2332,1560000
2333,505000
2334,495000
2335,18341876
2336,9000000
2337,17630166
2338,17500000
2339,17500000
2340,3057592
2341,3052620
2342,3008392
2343,3008392
2344,3007012
2345,2980560
2346,975000
2347,3235512
2348,3235040
2349,3202596
2350,3191396
2351,3175663
2352,3146608
2353,3114256
2354,895000
2355,3517752
2356,3465592
2357,3454756
2358,3406136
2359,3404124
2360,3397180
2361,1690000
2362,1080000
2363,1080000
2364,1050000
2365,1050000
2366,1050000
2367,5218404
2368,5073852
2369,1250000
2370,4889636
2371,4878196
2372,4704282
2373,4572102
2374,3095000
2375,3030000
2376,3000000
2377,3000000
2378,11787336
2379,2800000
2380,11171314
2381,5500000
2382,6250000
2383,3095000
2384,3095000
2385,12050734
2386,3000000
2387,3000000
2388,3000000
2389,2912356
2390,2905528
2391,720000
2392,720000
2393,2862920
2394,6829970
2395,6554012
2396,3250000
2397,6240410
2398,6236648
2399,4200000
2400,1400000
2401,2700000
2402,2900000
2403,1290000
2404,4948412
2405,2150000
2406,1020000
2407,1000000
2408,3940020
2409,3898000
2410,3857772
2411,3610656
2412,895000
2413,895000
2414,2824252
2415,2815148
2416,2809396
2417,2787768
2418,2757980
2419,645000
2420,645000
2421,645000
2422,2578408
2423,1275000
2424,2529072
2425,630000
2426,2475456
2427,6494972
2428,6334438
2429,4750000
2430,1550000
2431,3050000
2432,1500000
2433,1500000
2434,10000000
2435,19500000
2436,13500000
2437,4500000
2438,13500000
2439,4500000
2440,1755000
2441,1755000
2442,1716000
2443,1714000
2444,570000
2445,570000
2446,4200000
2447,12600000
2448,8279218
2449,8250000
2450,4000000
2451,12000000
2452,15897658
2453,11750000
2454,735000
2455,735000
2456,720000
2457,2826896
2458,2806784
2459,1380000
2460,2734536
2461,2723292
2462,3078360
2463,760000
2464,1510000
2465,2948412
2466,2912356
2467,3366848
2468,3342172
2469,3323141
2470,3257016
2471,805000
2472,805000
2473,805000
2474,1560000
2475,495000
2476,495000
2477,495000
2478,495000
2479,495000
2480,975000
2481,1100000
2482,4366054
2483,4321218
2484,1030000
2485,4082294
2486,4047880
2487,10900732
2488,2600000
2489,10164312
2490,10098348
2491,11847480
2492,8850000
2493,11283012
2494,10525720
2495,10467662
2496,10091351
2497,9867484
2498,2841712
2499,2831964
2500,2777620
2501,2075000
2502,2763952
2503,2748948
2504,2600000
2505,2600000
2506,1300000
2507,5199286
2508,4947817
2509,1200000
2510,3921866
2511,3852996
2512,895000
2513,895000
2514,3528646
2515,895000
2516,895000
2517,895000
2518,3572880
2519,3471180
2520,3412204
2521,850000
2522,2754884
2523,2733376
2524,2690372
2525,2671564
2526,2665428
2527,2653428
2528,2647840
2529,2464284
2530,1230000
2531,1230000
2532,2453392
2533,1200000
2534,1200000
2535,1200000
2536,3000000
2537,5841370
2538,5759578
2539,2750000
2540,1350000
2541,17000000
2542,16447768
2543,16000000
2544,4000000
2545,15359736
2546,15152320
2547,14177654
2548,3500000
2549,1710000
2550,1680000
2551,1665000
2552,1080000
2553,1080000
2554,1080000
2555,1080000
2556,1080000
2557,7500000
2558,14708756
2559,7250000
2560,13471308
2561,3250000
2562,1350000
2563,2677608
2564,2631900
2565,2618464
2566,2610404
2567,2595736
2568,2900224
2569,725000
2570,725000
2571,2882344
2572,720000
2573,720000
2574,720000
2575,805000
2576,805000
2577,805000
2578,795000
2579,3178808
2580,3175288
2581,1000000
2582,3937904
2583,3907152
2584,3875720
2585,3870380
2586,3846263
2587,10049644
2588,7500000
2589,5000000
2590,5000000
2591,9934980
2592,2400000
2593,9377372
2594,4600000
2595,9705642
2596,9590984
2597,9584160
2598,2250000
2599,8601938
2600,2150000
2601,2100000
2602,2025000
2603,2676956
2604,2661516
2605,2622040
2606,2616304
2607,2606628
2608,4744876
2609,4732116
2610,2350000
2611,4673694
2612,4615266
2613,4430972
2614,1105000
2615,4233412
2616,3410832
2617,3309660
2618,826400
2619,805000
2620,3167700
2621,3156112
2622,2959124
2623,3381260
2624,3274332
2625,3261656
2626,3259984
2627,810000
2628,2647832
2629,2641496
2630,2617904
2631,2613008
2632,2605376
2633,2594580
2634,1200000
2635,1200000
2636,1770000
2637,1770000
2638,1770000
2639,1765000
2640,1765000
2641,2500000
2642,4697534
2643,4545640
2644,4471738
2645,1100000
2646,3979325
2647,3809200
2648,10500000
2649,10500000
2650,10000000
2651,6600000
2652,6500000
2653,500000
2654,495500
2655,495000
2656,495000
2657,495000
2658,495000
2659,495000
2660,12882870
2661,12457650
2662,3095000
2663,3095000
2664,3095000
2665,12371612
2666,1225550
2667,6000000
2668,2594576
2669,645000
2670,1935000
2671,1935000
2672,720000
2673,720000
2674,2875844
2675,1420000
2676,2833268
2677,3173984
2678,3138576
2679,3135828
2680,3123920
2681,3114440
2682,3099900
2683,3827312
2684,3745600
2685,3673180
2686,1825000
2687,3619200
2688,4595000
2689,4050000
2690,2025000
2691,2025000
2692,2000000
2693,2025000
2694,2025000
2695,2000000
2696,4000000
2697,2598960
2698,2596604
2699,645000
2700,645000
2701,1935000
2702,4086966
2703,720000
2704,2798620
2705,2794368
2706,1380000
2707,685000
2708,810000
2709,3222068
2710,805000
2711,805000
2712,805000
2713,3190328
2714,3184548
2715,645000
2716,645000
2717,645000
2718,645000
2719,2578408
2720,1765000
2721,1762000
2722,1760000
2723,1760000
2724,1759500
2725,3735876
2726,930000
2727,3593728
2728,3586404
2729,895000
2730,895000
2731,7500000
2732,13000000
2733,12944364
2734,12600108
2735,12517688
2736,9000000
2737,6000000
2738,11780138
2739,11712492
2740,11441910
2741,1935000
2742,645000
2743,645000
2744,645000
2745,645000
2746,2578408
2747,2820596
2748,2819648
2749,2819648
2750,2819280
2751,2816404
2752,3035628
2753,3032528
2754,1510000
2755,3013092
2756,3007012
2757,2973956
2758,3617400
2759,3598862
2760,3596436
2761,895000
2762,895000
2763,895000
2764,895000
2765,2000000
2766,7697356
2767,1750000
2768,6841930
2769,6779798
2770,6453660
2771,6400562
2772,7989498
2773,7916454
2774,1850000
2775,7259142
2776,7080850
2777,3500000
2778,645000
2779,645000
2780,2556520
2781,2550680
2782,2547056
2783,2524384
2784,2440356
2785,1020000
2786,4063423
2787,1000000
2788,1000000
2789,3972298
2790,3634287
2791,895000
2792,895000
2793,2723392
2794,2711616
2795,2680688
2796,2677556
2797,2608832
2798,645000
2799,3175288
2800,3112464
2801,3080872
2802,3059788
2803,3049180
2804,2572680
2805,2561584
2806,2554400
2807,2553812
2808,2549048
2809,2484320
2810,1230000
2811,1759000
2812,1759000
2813,1759000
2814,1758500
2815,1757500
2816,1757000
2817,1757500
2818,895000
2819,895000
2820,895000
2821,3517752
2822,3465592
2823,3454756
2824,6250000
2825,12388952
2826,3095000
2827,3095000
2828,3095000
2829,12050734
2830,3000000
2831,3000000
2832,11393496
2833,11032134
2834,8250000
2835,2750000
2836,8250000
2837,10966978
2838,10450986
2839,2578408
2840,2558044
2841,2533740
2842,2463724
2843,1230000
2844,1230000
2845,2781468
2846,2779044
2847,1380000
2848,1380000
2849,1380000
2850,2230000
2851,2922208
2852,2915120
2853,2912356
2854,2905528
2855,720000
2856,720000
2857,720000
2858,3572556
2859,3559644
2860,3550180
2861,880000
2862,3480587
2863,3476140
2864,3422960
2865,1600000
2866,1500000
2867,1500000
2868,1500000
2869,1500000
2870,6626656
2871,6458676
2872,6256100
2873,6140068
2874,1500000
2875,5766262
2876,1350000
2877,5214132
2878,2400000
2879,1200000
2880,1200000
2881,1200000
2882,1780000
2883,1770000
2884,1765000
2885,895000
2886,895000
2887,895000
2888,3511988
2889,3480872
2890,3449906
2891,645000
2892,645000
2893,645000
2894,645000
2895,645000
2896,1280000
2897,3033156
2898,1510000
2899,2965992
2900,2912356
2901,720000
2902,720000
2903,720000
2904,1230000
2905,2453388
2906,2440356
2907,2403052
2908,1200000
2909,1785000
2910,1785000
2911,1770000
2912,1756500
2913,1755000
2914,1755000
2915,1755000
2916,1755000
2917,3406136
2918,3404124
2919,1690000
2920,3342172
2921,3323141
2922,3257016
2923,805000
2924,805000
2925,3000000
2926,3000000
2927,11884316
2928,11847480
2929,8850000
2930,11495198
2931,11283012
2932,2750000
2933,10265742
2934,5000000
2935,5000000
2936,2500000
2937,5000000
2938,5000000
2939,9304310
2940,1230000
2941,1230000
2942,1230000
2943,1200000
2944,1200000
2945,2759480
2946,2728044
2947,2723392
2948,2723392
2949,1350000
2950,1350000
2951,1350000
2952,2862920
2953,2856176
2954,2842520
2955,2841712
2956,2831964
2957,2828804
2958,2826896
2959,2824252
2960,3413520
2961,845000
2962,3439421
2963,3304896
2964,3302264
2965,5894874
2966,1450000
2967,5652368
2968,5353700
2969,5118974
2970,4995052
2971,5083118
2972,4822976
2973,4812526
2974,4636650
2975,4393114
2976,4316308
2977,1075000
2978,1765000
2979,1765000
2980,1763000
2981,1762500
2982,1762000
2983,1760000
2984,855000
2985,3388032
2986,3342172
2987,3307100
2988,3288036
2989,3259490
2990,2452540
2991,1775000
2992,1770000
2993,1770000
2994,1765000
2995,1762000
2996,2872736
2997,2831564
2998,2830600
2999,2819648
3000,1380000
3001,2723392
3002,2701984
3003,1770000
3004,1770000
3005,1770000
3006,1765000
3007,1765000
3008,1765000
3009,1765000
3010,1755000
3011,1755000
3012,1755000
3013,1755000
3014,1755000
3015,805000
3016,805000
3017,805000
3018,805000
3019,3178808
3020,3175288
3021,3173984
3022,10737646
3023,10697790
3024,10525720
3025,10467662
3026,10342236
3027,10091351
3028,5000000
3029,5000000
3030,4550000
3031,4500000
3032,8912112
3033,8891810
3034,4300000
3035,8265106
3036,1200000
3037,1200000
3038,1770000
3039,1770000
3040,1770000
3041,1350000
3042,2689096
3043,2688632
3044,2647840
3045,2645252
3046,2634256
3047,2815148
3048,2809396
3049,2787768
3050,2777620
3051,2075000
3052,2763952
3053,1380000
3054,2757980
3055,3295040
3056,3261893
3057,3261676
3058,3252632
3059,3235512
3060,4951224
3061,4775936
3062,4629870
3063,4586050
3064,4501346
3065,4447230
3066,4280962
3067,4283580
3068,4082294
3069,1020000
3070,1000000
3071,3960836
3072,3884665
3073,3683180
3074,1810615
3075,1760000
3076,1760000
3077,1758500
3078,1756500
3079,1755000
3080,3256288
3081,3240408
3082,810000
3083,805000
3084,3206726
3085,3165196
3086,3163636
3087,1762000
3088,1760000
3089,1760000
3090,1760000
3091,1755000
3092,1755000
3093,1755000
3094,2701240
3095,1350000
3096,1350000
3097,1350000
3098,2692556
3099,2686056
3100,2677340
3101,1764000
3102,1762500
3103,1762000
3104,1762000
3105,1762000
3106,1755000
3107,1755000
3108,1715000
3109,1710000
3110,1710000
3111,570000
3112,1691600
3113,3138576
3114,3114440
3115,3099900
3116,3035628
3117,3032528
3118,1510000
3119,3013092
3120,2973956
3121,5000000
3122,9867484
3123,9705642
3124,7250000
3125,9590984
3126,9584160
3127,2050000
3128,2025000
3129,2025000
3130,2000000
3131,2000000
3132,7843422
3133,1765000
3134,1765000
3135,1765000
3136,1758000
3137,1757500
3138,1757500
3139,1757000
3140,2632316
3141,2616512
3142,2615236
3143,2603504
3144,2601948
3145,2598320
3146,2754884
3147,2748948
3148,2734536
3149,2733376
3150,2723292
3151,3235040
3152,805000
3153,3202596
3154,3191396
3155,1595000
3156,3175788
3157,3175663
3158,3146608
3159,4279682
3160,4258972
3161,4195778
3162,1000000
3163,1000000
3164,1000000
3165,3832093
3166,930000
3167,900000
3168,895000
3169,895000
3170,895000
3171,3505248
3172,1755000
3173,1755000
3174,1755000
3175,1755000
3176,1755000
3177,1755000
3178,3127256
3179,3121232
3180,770000
3181,3072012
3182,3065808
3183,3062212
3184,3027420
3185,1755000
3186,1716000
3187,570000
3188,1670000
3189,1670000
3190,1665000
3191,2663360
3192,2648292
3193,2647840
3194,2628804
3195,2621468
3196,1965000
3197,1760000
3198,1760000
3199,1760000
3200,1760000
3201,1758500
3202,1755000
3203,1755000
3204,1125000
3205,1685000
3206,1677000
3207,1675000
3208,1671000
3209,1080000
3210,1080000
3211,1080000
3212,2230000
3213,2922208
3214,2915120
3215,2912356
3216,2905528
3217,720000
3218,6900000
3219,2250000
3220,8601938
3221,2150000
3222,2100000
3223,2025000
3224,7638928
3225,7518394
3226,7507470
3227,3750000
3228,7450740
3229,1800000
3230,7193688
3231,7142282
3232,1755000
3233,2340000
3234,1755000
3235,1755000
3236,1755000
3237,2595572
3238,2594576
3239,645000
3240,645000
3241,645000
3242,2690372
3243,2676956
3244,2671564
3245,2665428
3246,3141964
3247,3129992
3248,3114256
3249,3078360
3250,3070200
3251,3057592
3252,3052620
3253,760000
3254,930000
3255,930000
3256,930000
3257,3681012
3258,920000
3259,895000
3260,895000
3261,895000
3262,3376928
3263,3351372
3264,3339392
3265,3323266
3266,3290860
3267,820000
3268,1755000
3269,1755000
3270,1755000
3271,1716000
3272,1710000
3273,570000
3274,570000
3275,3018892
3276,2967304
3277,2918564
3278,725000
3279,720000
3280,720000
3281,720000
3282,2870168
3283,1080000
3284,1080000
3285,1080000
3286,1080000
3287,1050000
3288,495000
3289,2609196
3290,2607108
3291,2601948
3292,2601948
3293,2599228
3294,2592548
3295,1755000
3296,1755000
3297,1755000
3298,1755000
3299,1755000
3300,1755000
3301,1755000
3302,1080000
3303,1080000
3304,1080000
3305,1080000
3306,1080000
3307,1054000
3308,1050000
3309,1050000
3310,720000
3311,720000
3312,2862920
3313,2856176
3314,2842520
3315,2841712
3316,2025000
3317,2025000
3318,2025000
3319,2025000
3320,2000000
3321,2000000
3322,4000000
3323,7018128
3324,6950156
3325,6782618
3326,6686906
3327,1600000
3328,1600000
3329,3050000
3330,6090582
3331,1755000
3332,1755000
3333,1755000
3334,1755000
3335,1755000
3336,1755000
3337,1755000
3338,1725000
3339,645000
3340,645000
3341,645000
3342,645000
3343,645000
3344,2661516
3345,2653428
3346,2647840
3347,2647832
3348,2641496
3349,2631900
3350,2622040
3351,2617904
3352,1510000
3353,3008392
3354,3008392
3355,2980560
3356,2948412
3357,735000
3358,735000
3359,3526524
3360,3523980
3361,3420524
3362,3387004
3363,3327576
3364,3279688
3365,3258620
3366,3248428
3367,805000
3368,805000
3369,570000
3370,570000
3371,1675000
3372,1080000
3373,1080000
3374,1080000
3375,1080000
3376,2866216
3377,2850892
3378,2848164
3379,2839356
3380,2771372
3381,1380000
3382,2752636
3383,2746020
3384,495000
3385,495000
3386,495000
3387,495000
3388,975000
3389,480000
3390,2588024
3391,2584580
3392,645000
3393,645000
3394,645000
3395,645000
3396,645000
3397,1755000
3398,1755000
3399,1755000
3400,1755000
3401,1755000
3402,1726000
3403,1715000
3404,1050000
3405,1050000
3406,1050000
3407,1050000
3408,1050000
3409,1050000
3410,2831964
3411,2828804
3412,2824252
3413,2815148
3414,2809396
3415,2787768
3416,4000000
3417,7989498
3418,7916454
3419,7915728
3420,7671000
3421,1907000
3422,1850000
3423,7375998
3424,3000000
3425,2975000
3426,1400000
3427,5488996
3428,2700000
3429,50268088
3430,5004300
3431,1716000
3432,1714000
3433,570000
3434,1710000
3435,570000
3436,645000
3437,645000
3438,645000
3439,2564792
3440,2554428
3441,2547868
3442,2616304
3443,2613008
3444,2606628
3445,2605376
3446,2598960
3447,2596604
3448,2595736
3449,2594580
3450,2912356
3451,2900224
3452,725000
3453,725000
3454,2882344
3455,720000
3456,3284164
3457,810000
3458,810000
3459,3233652
3460,805000
3461,3202596
3462,3217128
3463,3195772
3464,1595000
3465,3182292
3466,3176288
3467,3176038
3468,3158676
3469,1080000
3470,1080000
3471,1050000
3472,495000
3473,495000
3474,2725624
3475,2715952
3476,2704340
3477,1350000
3478,645000
3479,1935000
3480,1935000
3481,2568516
3482,2534348
3483,2465140
3484,1714000
3485,1713000
3486,570000
3487,570000
3488,570000
3489,1560000
3490,1515000
3491,500000
3492,500000
3493,495000
3494,2777620
3495,2075000
3496,2763952
3497,2757980
3498,2754884
3499,7259142
3500,7080850
3501,3500000
3502,3500000
3503,6829970
3504,6626656
3505,1250000
3506,4774972
3507,3500000
3508,4409034
3509,4406640
3510,4224568
3511,570000
3512,570000
3513,570000
3514,1710000
3515,1680000
3516,1665000
3517,1080000
3518,1080000
3519,2540680
3520,2534348
3521,1230000
3522,1230000
3523,1230000
3524,2594576
3525,645000
3526,645000
3527,645000
3528,1935000
3529,1935000
3530,645000
3531,720000
3532,720000
3533,720000
3534,720000
3535,720000
3536,2875844
3537,1420000
3538,3196324
3539,1595000
3540,3189028
3541,3177856
3542,3176288
3543,3123424
3544,3121000
3545,3106068
3546,3085912
3547,3082696
3548,2688756
3549,2647840
3550,2626300
3551,2617800
3552,2597320
3553,645000
3554,645000
3555,645000
3556,2460000
3557,1230000
3558,1230000
3559,1230000
3560,2453392
3561,1200000
3562,1200000
3563,1775000
3564,570000
3565,570000
3566,570000
3567,570000
3568,570000
3569,495000
3570,495000
3571,495000
3572,495000
3573,495000
3574,495000
3575,495000
3576,2748948
3577,2733376
3578,2690372
3579,2676956
3580,2671564
3581,2665428
3582,2661516
3583,6554012
3584,3250000
3585,6458676
3586,6256100
3587,6240410
3588,6236648
3589,2100000
3590,4183234
3591,4158150
3592,1030000
3593,4095336
3594,1020000
3595,1080000
3596,1080000
3597,1080000
3598,1080000
3599,1080000
3600,1050000
3601,1050000
3602,1230000
3603,1200000
3604,1200000
3605,1200000
3606,1775000
3607,1769000
3608,1767500
3609,645000
3610,645000
3611,645000
3612,645000
3613,645000
3614,2833268
3615,2820596
3616,2819648
3617,2819648
3618,2819280
3619,2816404
3620,2806784
3621,3175288
3622,3142640
3623,3076164
3624,3048024
3625,3040380
3626,3035668
3627,2993528
3628,745000
3629,1510000
3630,2932160
3631,720000
3632,720000
3633,720000
3634,720000
3635,720000
3636,645000
3637,645000
3638,645000
3639,645000
3640,645000
3641,1765000
3642,1765000
3643,1765000
3644,1762500
3645,1762000
3646,1760000
3647,1760000
3648,1710000
3649,1677000
3650,1675000
3651,1665000
3652,1080000
3653,1080000
3654,1080000
3655,1080000
3656,495000
3657,975000
3658,975000
3659,2653428
3660,2647840
3661,2647832
3662,2641496
3663,2622040
3664,2617904
3665,6140068
3666,1500000
3667,5766262
3668,4200000
3669,1400000
3670,1020000
3671,1005000
3672,3972364
3673,3747840
3674,3731632
3675,1050000
3676,500000
3677,495500
3678,495000
3679,495000
3680,495000
3681,1767500
3682,1767500
3683,1767000
3684,1767000
3685,1765000
3686,645000
3687,2578408
3688,2578408
3689,2572680
3690,2561584
3691,2781468
3692,2779044
3693,1380000
3694,1380000
3695,1380000
3696,2759480
3697,2728044
3698,2968984
3699,2936360
3700,2912356
3701,2894668
3702,2884672
3703,2843336
3704,2823420
3705,1380000
3706,2758724
3707,2754884
3708,1375000
3709,2748576
3710,645000
3711,2574820
3712,2559620
3713,2540192
3714,2484800
3715,1230000
3716,2440356
3717,2404224
3718,1760000
3719,1758500
3720,1757000
3721,1756800
3722,1756500
3723,1755000
3724,1050000
3725,1050000
3726,1560000
3727,495000
3728,495000
3729,2616304
3730,2613008
3731,2606628
3732,2605376
3733,2598960
3734,2596604
3735,2594580
3736,1350000
3737,2700000
3738,5214132
3739,2600000
3740,2600000
3741,1300000
3742,5199286
3743,3700180
3744,920000
3745,895000
3746,895000
3747,895000
3748,895000
3749,495000
3750,495000
3751,1765000
3752,1760000
3753,1765000
3754,1763000
3755,1763000
3756,1762500
3757,2556520
3758,2554400
3759,2553812
3760,2550680
3761,2549048
3762,2547056
3763,2723392
3764,2723392
3765,1350000
3766,1350000
3767,1350000
3768,1350000
3769,1350000
3770,720000
3771,720000
3772,720000
3773,720000
3774,2835948
3775,2747892
3776,2705592
3777,2702320
3778,1350000
3779,1350000
3780,1350000
3781,1350000
3782,2694948
3783,2403552
3784,1200000
3785,1200000
3786,1200000
3787,1200000
3788,1775000
3789,1771000
3790,1755000
3791,1755000
3792,1755000
3793,1755000
3794,1755000
3795,1755000
3796,495000
3797,495000
3798,495000
3799,495000
3800,495000
3801,645000
3802,645000
3803,1935000
3804,645000
3805,645000
3806,645000
3807,5083118
3808,4947817
3809,4822976
3810,4812526
3811,1200000
3812,4744876
3813,4732116
3814,2350000
3815,895000
3816,895000
3817,3546268
3818,3517312
3819,3491720
3820,3482180
3821,1762000
3822,1761000
3823,1760000
3824,1760000
3825,1760000
3826,1760000
3827,2533740
3828,2524384
3829,2484320
3830,1230000
3831,1230000
3832,1230000
3833,1230000
3834,2689096
3835,2688632
3836,2677608
3837,2647840
3838,2645252
3839,2634256
3840,2632316
3841,2618464
3842,2761736
3843,1380000
3844,1380000
3845,2754876
3846,2729312
3847,2688932
3848,2685196
3849,2682972
3850,2680000
3851,2678308
3852,2677908
3853,2677556
3854,1767500
3855,1765000
3856,1765000
3857,1765000
3858,1765000
3859,1760000
3860,1760000
3861,1755000
3862,1755000
3863,1755000
3864,1755000
3865,1755000
3866,1755000
3867,805000
3868,645000
3869,645000
3870,645000
3871,2578408
3872,2572680
3873,2561584
3874,4673694
3875,4636650
3876,4615266
3877,4430972
3878,1105000
3879,4393114
3880,870000
3881,3452043
3882,1720000
3883,3407364
3884,3403116
3885,3402116
3886,3397072
3887,845000
3888,1758000
3889,1757500
3890,1757500
3891,1757000
3892,2453388
3893,2440356
3894,2440356
3895,2403052
3896,2400000
3897,1200000
3898,1200000
3899,1200000
3900,2616512
3901,2615236
3902,2610404
3903,2603504
3904,2601948
3905,2598320
3906,2595572
3907,2594576
3908,2728676
3909,1350000
3910,2698832
3911,2691104
3912,2677556
3913,2667852
3914,2657248
3915,2653868
3916,2667800
3917,2663356
3918,2658376
3919,2637480
3920,2629676
3921,1760000
3922,1759000
3923,1759000
3924,1758000
3925,1757500
3926,1756000
3927,1756000
3928,1755000
3929,1755000
3930,1755000
3931,1755000
3932,1755000
3933,1725000
3934,1725000
3935,1720000
3936,2556520
3937,2554400
3938,2553812
3939,2550680
3940,2549048
3941,2547056
3942,2524384
3943,4316308
3944,1075000
3945,4283580
3946,4233412
3947,4086966
3948,3368704
3949,3342172
3950,1660000
3951,1645000
3952,3278816
3953,815000
3954,3259940
3955,1756500
3956,1756500
3957,1756000
3958,1756000
3959,1755500
3960,1755000
3961,1755000
3962,1200000
3963,1785000
3964,1785000
3965,1780000
3966,1770000
3967,1770000
3968,1935000
3969,645000
3970,645000
3971,1935000
3972,645000
3973,645000
3974,645000
3975,2647840
3976,2647840
3977,2625636
3978,655000
3979,2619824
3980,2616192
3981,2616140
3982,2614884
3983,657000
3984,2621920
3985,2621144
3986,655000
3987,2618480
3988,2617892
3989,2616192
3990,1755000
3991,1755000
3992,1755000
3993,1755000
3994,1755000
3995,1717500
3996,1717500
3997,1710000
3998,1710000
3999,1710000
4000,570000
4001,570000
4002,2484320
4003,1230000
4004,1230000
4005,2453388
4006,2440356
4007,2440356
4008,2403052
4009,2400000
4010,4082294
4011,1020000
4012,1020000
4013,4063423
4014,1000000
4015,1000000
4016,3243364
4017,810000
4018,3221516
4019,805000
4020,805000
4021,1755000
4022,1755000
4023,1755000
4024,1755000
4025,1755000
4026,1755000
4027,1755000
4028,1755000
4029,1770000
4030,1770000
4031,1770000
4032,1765000
4033,1765000
4034,1765000
4035,1765000
4036,1765000
4037,645000
4038,645000
4039,645000
4040,645000
4041,645000
4042,2602672
4043,2601948
4044,2601812
4045,2600316
4046,2594576
4047,2586220
4048,2613804
4049,2600956
4050,765000
4051,645000
4052,645000
4053,645000
4054,645000
4055,1755000
4056,1755000
4057,1755000
4058,1755000
4059,1755000
4060,1755000
4061,1755000
4062,1680000
4063,1675000
4064,1670000
4065,1670000
4066,1080000
4067,1080000
4068,1200000
4069,1200000
4070,1200000
4071,1200000
4072,1785000
4073,1785000
4074,1780000
4075,1000000
4076,3972298
4077,3960836
4078,3884665
4079,3683180
4080,3634287
4081,805000
4082,805000
4083,805000
4084,805000
4085,805000
4086,1755000
4087,1755000
4088,1755000
4089,1755000
4090,1755000
4091,1765000
4092,1765000
4093,1765000
4094,1765000
4095,1764000
4096,1763000
4097,1762500
4098,1762500
4099,645000
4100,645000
4101,645000
4102,645000
4103,2578408
4104,2564792
4105,2558044
4106,2554428
4107,645000
4108,645000
4109,645000
4110,645000
4111,645000
4112,645000
4113,645000
4114,645000
4115,645000
4116,2578408
4117,2578184
4118,2560776
4119,1755000
4120,1755000
4121,1723000
4122,1722000
4123,1720000
4124,1716000
4125,1713500
4126,1080000
4127,1080000
4128,1080000
4129,1080000
4130,1050000
4131,1050000
4132,1050000
4133,1770000
4134,1770000
4135,1770000
4136,1770000
4137,1770000
4138,1810615
4139,900000
4140,895000
4141,895000
4142,895000
4143,895000
4144,805000
4145,3217532
4146,3213428
4147,3210872
4148,3170808
4149,3146936
4150,3142732
4151,1755000
4152,1755000
4153,1755000
4154,1755000
4155,1755000
4156,1755000
4157,1762000
4158,1762000
4159,1762000
4160,1762000
4161,1760000
4162,1760000
4163,2547868
4164,2540680
4165,2534348
4166,2463724
4167,1230000
4168,1230000
4169,1230000
4170,1230000
4171,645000
4172,645000
4173,645000
4174,645000
4175,2578408
4176,2578408
4177,2578408
4178,2550200
4179,2545060
4180,2535776
4181,2534392
4182,2474948
4183,1230000
4184,570000
4185,570000
4186,570000
4187,1710000
4188,1710000
4189,1710000
4190,1050000
4191,1050000
4192,1560000
4193,495000
4194,495000
4195,495000
4196,495000
4197,1765000
4198,1765000
4199,1765000
4200,1765000
4201,1765000
4202,1765000
4203,1765000
4204,1764000
4205,895000
4206,895000
4207,895000
4208,895000
4209,3511988
4210,1540000
4211,3062792
4212,3037920
4213,3008392
4214,2986420
4215,720000
4216,720000
4217,1755000
4218,1755000
4219,1755000
4220,1755000
4221,1755000
4222,1755000
4223,1720000
4224,1719000
4225,1760000
4226,1760000
4227,1760000
4228,1760000
4229,1760000
4230,1758500
4231,1758500
4232,1230000
4233,1230000
4234,1230000
4235,1200000
4236,1200000
4237,1200000
4238,2567176
4239,2555912
4240,2536572
4241,2529072
4242,2480380
4243,1240000
4244,2471952
4245,2467932
4246,2440356
4247,2440356
4248,2416856
4249,1200000
4250,1200000
4251,1775000
4252,1773000
4253,1770000
4254,1675000
4255,2170356
4256,1080000
4257,1080000
4258,1080000
4259,1080000
4260,1080000
4261,495000
4262,975000
4263,1763000
4264,1762500
4265,1762500
4266,1762000
4267,1762000
4268,3505248
4269,3480872
4270,3449906
4271,855000
4272,3388032
4273,720000
4274,720000
4275,720000
4276,720000
4277,720000
4278,2870488
4279,2831896
4280,1718000
4281,1715000
4282,570000
4283,570000
4284,1710000
4285,1757000
4286,1756500
4287,1755000
4288,1755000
4289,1755000
4290,1755000
4291,1755000
4292,1755000
4293,1200000
4294,1200000
4295,1200000
4296,1200000
4297,1775000
4298,1770000
4299,1770000
4300,1770000
4301,1230000
4302,1230000
4303,1230000
4304,1230000
4305,1230000
4306,1765000
4307,1765000
4308,1765000
4309,1765000
4310,1765000
4311,1765000
4312,1080000
4313,1080000
4314,1080000
4315,1080000
4316,1050000
4317,1050000
4318,1050000
4319,1050000
4320,1762000
4321,1762000
4322,1760000
4323,1760000
4324,1760000
4325,3376928
4326,3351372
4327,3342172
4328,3339392
4329,3323266
4330,3307100
4331,2830824
4332,2784524
4333,2784332
4334,1380000
4335,1380000
4336,1380000
4337,570000
4338,570000
4339,570000
4340,570000
4341,1125000
4342,1671500
4343,1755000
4344,1755000
4345,1755000
4346,1755000
4347,1769000
4348,1767500
4349,1767500
4350,1767500
4351,1767000
4352,1230000
4353,2460000
4354,2456068
4355,2408380
4356,1200000
4357,1200000
4358,1200000
4359,1762500
4360,1762000
4361,1761500
4362,1761000
4363,1760000
4364,1760000
4365,1760000
4366,1050000
4367,1050000
4368,1050000
4369,1050000
4370,1560000
4371,1760000
4372,1760000
4373,1760000
4374,1760000
4375,1758500
4376,1758500
4377,1756500
4378,3290860
4379,3288036
4380,820000
4381,3279688
4382,3259490
4383,3258620
4384,3256288
4385,3248428
4386,2747684
4387,2744252
4388,2714124
4389,2708136
4390,2705004
4391,1350000
4392,1670000
4393,1668500
4394,1080000
4395,1080000
4396,1080000
4397,1080000
4398,1755000
4399,1755000
4400,1755000
4401,1755000
4402,1755000
4403,1755000
4404,1755000
4405,1755000
4406,1767000
4407,1765000
4408,1765000
4409,1760000
4410,1765000
4411,1765000
4412,1763000
4413,1763000
4414,1200000
4415,1200000
4416,1790000
4417,1785000
4418,1785000
4419,1777500
4420,1760000
4421,1760000
4422,1759200
4423,1759000
4424,1758000
4425,1757500
4426,1757500
4427,1560000
4428,505000
4429,495000
4430,495000
4431,495000
4432,495000
4433,1755000
4434,1755000
4435,1755000
4436,1755000
4437,1755000
4438,1755000
4439,3240408
4440,810000
4441,805000
4442,805000
4443,805000
4444,1350000
4445,1350000
4446,1350000
4447,2699548
4448,2689336
4449,2687600
4450,2670320
4451,2661452
4452,1080000
4453,1080000
4454,1050000
4455,1050000
4456,1050000
4457,1050000
4458,1755000
4459,1755000
4460,1755000
4461,1755000
4462,1755000
4463,1762500
4464,1762000
4465,1761000
4466,1760000
4467,1760000
4468,1760000
4469,1760000
4470,1775000
4471,1770000
4472,1770000
4473,1770000
4474,1770000
4475,1770000
4476,1770000
4477,1768000
4478,1757000
4479,1757500
4480,1755500
4481,1755000
4482,1755000
4483,495000
4484,495000
4485,975000
4486,975000
4487,975000
4488,1762500
4489,1755000
4490,1755000
4491,1755000
4492,1755000
4493,1755000
4494,1755000
4495,1755000
4496,1755000
4497,3217128
4498,3206726
4499,3195772
4500,1595000
4501,3182292
4502,2647840
4503,2639948
4504,2628556
4505,2625852
4506,2612368
4507,2603900
4508,1050000
4509,1560000
4510,495000
4511,495000
4512,495000
4513,495000
4514,495000
4515,1755000
4516,1755000
4517,1755000
4518,1755000
4519,1755000
4520,1760000
4521,1758000
4522,1758000
4523,1757500
4524,1757500
4525,1757500
4526,1767000
4527,1765000
4528,1765000
4529,1765000
4530,1765000
4531,1765000
4532,1755000
4533,1755000
4534,1755000
4535,1755000
4536,1755000
4537,1755000
4538,1755000
4539,1755000
4540,1755000
4541,1755000
4542,1755000
4543,3176288
4544,3176038
4545,3165196
4546,3163636
4547,3158676
4548,3127256
4549,2601948
4550,2599612
4551,2594576
4552,2594576
4553,2593184
4554,2592784
4555,495000
4556,495000
4557,495000
4558,495000
4559,495000
4560,975000
4561,1755000
4562,1726000
4563,1725000
4564,1716000
4565,1715000
4566,1714000
4567,1757500
4568,1757000
4569,1757000
4570,1756500
4571,1765000
4572,1765000
4573,1765000
4574,1765000
4575,1765000
4576,1765000
4577,1765000
4578,1755000
4579,1755000
4580,1755000
4581,1755000
4582,1755000
4583,1755000
4584,1755000
4585,1755000
4586,1755000
4587,1726000
4588,3123424
4589,3121232
4590,3121000
4591,3106068
4592,3085912
4593,3082696
4594,2585916
4595,2582412
4596,645000
4597,645000
4598,645000
4599,645000
4600,1713000
4601,570000
4602,570000
4603,1710000
4604,1710000
4605,570000
4606,570000
4607,1756500
4608,1756500
4609,1756000
4610,1756000
4611,1756000
4612,1755500
4613,1755000
4614,1763000
4615,1760000
4616,1760000
4617,1760000
4618,1760000
4619,1760000
4620,1755000
4621,1755000
4622,1755000
4623,1755000
4624,1755000
4625,1755000
4626,1755000
4627,1716000
4628,1715000
4629,1714000
4630,1713000
4631,570000
4632,1710000
4633,570000
4634,570000
4635,770000
4636,3072012
4637,3065808
4638,3062212
4639,3027420
4640,1510000
4641,3018892
4642,645000
4643,645000
4644,645000
4645,645000
4646,645000
4647,645000
4648,570000
4649,570000
4650,570000
4651,570000
4652,570000
4653,570000
4654,570000
4655,1755000
4656,1755000
4657,1755000
4658,1755000
4659,1755000
4660,1755000
4661,1755000
4662,1755000
4663,1760000
4664,1760000
4665,1760000
4666,1760000
4667,1755000
4668,1755000
4669,1755000
4670,1755000
4671,1755000
4672,1755000
4673,570000
4674,570000
4675,570000
4676,570000
4677,570000
4678,2967304
4679,2932160
4680,2918564
4681,725000
4682,720000
4683,645000
4684,645000
4685,645000
4686,645000
4687,645000
4688,645000
4689,645000
4690,570000
4691,570000
4692,570000
4693,570000
4694,1710000
4695,1677000
4696,1675000
4697,2340000
4698,1755000
4699,1755000
4700,1755000
4701,1755000
4702,1755000
4703,1758000
4704,1758000
4705,1758000
4706,1757500
4707,1757500
4708,1757500
4709,1756500
4710,1756500
4711,1755000
4712,1725000
4713,1725000
4714,1720000
4715,1720000
4716,1720000
4717,1718000
4718,570000
4719,570000
4720,570000
4721,570000
4722,1710000
4723,1677000
4724,720000
4725,720000
4726,720000
4727,720000
4728,720000
4729,720000
4730,645000
4731,2578408
4732,2578408
4733,2575968
4734,2571696
4735,2565124
4736,2561804
4737,1675000
4738,1672500
4739,1665000
4740,1080000
4741,1080000
4742,1080000
4743,1080000
4744,1080000
4745,1755000
4746,1755000
4747,1755000
4748,1755000
4749,1755000
4750,1755000
4751,1756500
4752,1757500
4753,1755500
4754,1755000
4755,1755000
4756,1755000
4757,1755000
4758,1755000
4759,1715000
4760,1715000
4761,1715000
4762,1711000
4763,570000
4764,1710000
4765,1710000
4766,1675000
4767,1675000
4768,1665000
4769,1080000
4770,1080000
4771,1080000
4772,1080000
4773,720000
4774,2870168
4775,2866216
4776,2850892
4777,2848164
4778,2549392
4779,2547180
4780,2535028
4781,2533136
4782,2529072
4783,2529072
4784,1890000
4785,1080000
4786,1080000
4787,1080000
4788,1080000
4789,1080000
4790,1080000
4791,1080000
4792,1755000
4793,1755000
4794,1755000
4795,1755000
4796,1755000
4797,1755000
4798,1755000
4799,1755000
4800,1755000
4801,1755000
4802,1755000
4803,1755000
4804,1710000
4805,570000
4806,570000
4807,570000
4808,1125000
4809,1672500
4810,1667500
4811,1665000
4812,1080000
4813,1080000
4814,1080000
4815,1080000
4816,1080000
4817,1080000
4818,1050000
4819,2843336
4820,2839356
4821,2823420
4822,2771372
4823,2510024
4824,2472380
4825,1230000
4826,1230000
4827,1230000
4828,1230000
4829,1230000
4830,1230000
4831,1050000
4832,1050000
4833,1050000
4834,1050000
4835,1050000
4836,1050000
4837,1560000
4838,1755000
4839,1755000
4840,1755000
4841,1755000
4842,1755000
4843,1755000
4844,1755000
4845,1755000
4846,1755000
4847,1755000
4848,1755000
4849,1080000
4850,1080000
4851,1080000
4852,1080000
4853,1080000
4854,1080000
4855,1080000
4856,1080000
4857,1050000
4858,1050000
4859,1560000
4860,495000
4861,495000
4862,495000
4863,1380000
4864,1380000
4865,2758724
4866,2754884
4867,2752636
4868,1230000
4869,1230000
4870,1230000
4871,1230000
4872,1206000
4873,2401988
4874,1200000
4875,495000
4876,495000
4877,495000
4878,495000
4879,495000
4880,495000
4881,495000
4882,495000
4883,1755000
4884,1755000
4885,1755000
4886,1755000
4887,1755000
4888,1720000
4889,1755000
4890,1755000
4891,1755000
4892,1755000
4893,1755000
4894,1755000
4895,1755000
4896,1755000
4897,1080000
4898,1080000
4899,1080000
4900,1080000
4901,1050000
4902,1050000
4903,1050000
4904,495000
4905,495000
4906,495000
4907,495000
4908,495000
4909,495000
4910,1375000
4911,2748576
4912,2747892
4913,2746020
4914,1200000
4915,1200000
4916,1200000
4917,1200000
4918,1200000
4919,1775000
4920,495000
4921,805000
4922,1719000
4923,1718000
4924,1716000
4925,1715000
4926,1755000
4927,1755000
4928,1755000
4929,1755000
4930,1755000
4931,1755000
4932,1050000
4933,1050000
4934,1050000
4935,1050000
4936,1050000
4937,805000
4938,2725624
4939,2715952
4940,2705592
4941,2704340
4942,2702320
4943,1770000
4944,1770000
4945,1765000
4946,1765000
4947,1765000
4948,1765000
4949,1714000
4950,570000
4951,570000
4952,1710000
4953,570000
4954,570000
4955,1755000
4956,1755000
4957,1755000
4958,1755000
4959,1725000
4960,172200
4961,1050000
4962,1050000
4963,1050000
4964,1050000
4965,1560000
4966,1560000
4967,500000
4968,995600
4969,1350000
4970,1350000
4971,1350000
4972,1350000
4973,1350000
4974,2694948
4975,1763000
4976,1763000
4977,1763000
4978,1762500
4979,1762500
4980,1762000
4981,570000
4982,570000
4983,570000
4984,570000
4985,1710000
4986,1125000
4987,1680000
4988,1671500
4989,1720000
4990,1720000
4991,1712500
4992,570000
4993,570000
4994,1710000
4995,570000
4996,1710000
4997,495000
4998,495000
4999,495000
5000,495000
5001,495000
5002,495000
5003,2688932
5004,2688756
5005,2685196
5006,2682972
5007,2680000
5008,2678308
5009,2677908
5010,1761000
5011,1760500
5012,1760000
5013,1760000
5014,1760000
5015,1760000
5016,1760000
5017,1670000
5018,1668500
5019,1665000
5020,1080000
5021,1080000
5022,1080000
5023,1080000
5024,570000
5025,570000
5026,1710000
5027,570000
5028,1710000
5029,495000
5030,495000
5031,495000
5032,495000
5033,495000
5034,2677556
5035,2667800
5036,2663356
5037,2658376
5038,2647840
5039,2637480
5040,2629676
5041,657000
5042,1760000
5043,1760000
5044,1760000
5045,1760000
5046,1760000
5047,1760000
5048,1080000
5049,1080000
5050,1080000
5051,1080000
5052,1080000
5053,1080000
5054,570000
5055,570000
5056,570000
5057,1710000
5058,570000
5059,570000
5060,1672500
5061,2626300
5062,2621920
5063,2621144
5064,655000
5065,2618480
5066,2617892
5067,1760000
5068,1758500
5069,1758000
5070,1758000
5071,1758000
5072,1080000
5073,1050000
5074,1050000
5075,1050000
5076,1050000
5077,1050000
5078,1670000
5079,1665000
5080,1665000
5081,1665000
5082,1080000
5083,2617800
5084,2616192
5085,2613804
5086,2600956
5087,2597320
5088,765000
5089,645000
5090,1758000
5091,1757500
5092,1757000
5093,1757500
5094,1757500
5095,1757000
5096,1757000
5097,1560000
5098,500000
5099,495500
5100,495000
5101,495000
5102,1080000
5103,1080000
5104,1080000
5105,1080000
5106,1080000
5107,1080000
5108,1080000
5109,645000
5110,645000
5111,645000
5112,645000
5113,645000
5114,645000
5115,645000
5116,645000
5117,1757000
5118,1755500
5119,1755000
5120,1755000
5121,1755000
5122,1755000
5123,495000
5124,495000
5125,495000
5126,495000
5127,495000
5128,1080000
5129,1080000
5130,1080000
5131,1080000
5132,1080000
5133,1080000
5134,1080000
5135,645000
5136,645000
5137,645000
5138,645000
5139,645000
5140,645000
5141,645000
5142,1755000
5143,1755000
5144,1755000
5145,1755000
5146,1755000
5147,495000
5148,495000
5149,495000
5150,495000
5151,495000
5152,495000
5153,495000
5154,1080000
5155,1080000
5156,1080000
5157,1080000
5158,1050000
5159,1050000
5160,1050000
5161,645000
5162,2578408
5163,2578184
5164,2574820
5165,2560776
5166,2559620
5167,1755000
5168,1755000
5169,1755000
5170,1755000
5171,1755000
5172,495000
5173,975000
5174,1050000
5175,1050000
5176,1050000
5177,1050000
5178,1050000
5179,2550200
5180,2545060
5181,2540192
5182,2535776
5183,2534392
5184,2484800
5185,2474948
5186,1755000
5187,1755000
5188,1755000
5189,1755000
5190,1755000
5191,1050000
5192,1050000
5193,1050000
5194,105000
5195,1050000
5196,1050000
5197,1230000
5198,1230000
5199,2440356
5200,2440356
5201,2440356
5202,2416856
5203,2404224
5204,1755000
5205,1755000
5206,1755000
5207,1755000
5208,1755000
5209,1755000
5210,1050000
5211,1050000
5212,1560000
5213,1560000
5214,1560000
5215,1560000
5216,2403552
5217,1200000
5218,1200000
5219,1200000
5220,1200000
5221,1200000
5222,1200000
5223,1775000
5224,1755000
5225,1755000
5226,1755000
5227,1755000
5228,1755000
5229,1755000
5230,1755000
5231,1755000
5232,495000
5233,495000
5234,495000
5235,495000
5236,495000
5237,495000
5238,1775000
5239,1773000
5240,1771000
5241,1770000
5242,1767500
5243,1765000
5244,1755000
5245,1755000
5246,1755000
5247,1755000
5248,1755000
5249,1755000
5250,1738235
5251,495000
5252,495000
5253,495000
5254,495000
5255,495000
5256,495000
5257,495000
5258,1765000
5259,1765000
5260,1765000
5261,1765000
5262,1765000
5263,1730000
5264,1722500
5265,1720000
5266,1717500
5267,1716000
5268,495000
5269,495000
5270,495000
5271,495000
5272,495000
5273,495000
5274,975000
5275,1765000
5276,1765000
5277,1765000
5278,1765000
5279,1715000
5280,1715000
5281,1713000
5282,570000
5283,570000
5284,1710000
5285,1710000
5286,570000
5287,975000
5288,1762500
5289,1762000
5290,1761500
5291,1761000
5292,1760000
5293,570000
5294,570000
5295,570000
5296,570000
5297,570000
5298,1760000
5299,1760000
5300,1760000
5301,1760000
5302,1760000
5303,1125000
5304,1125000
5305,1685000
5306,1680000
5307,1669000
5308,1665000
5309,1100000
5310,1760000
5311,1760000
5312,1759200
5313,1759000
5314,1759000
5315,1759000
5316,1080000
5317,1080000
5318,1080000
5319,1080000
5320,1080000
5321,1758000
5322,1758000
5323,1757500
5324,1757500
5325,1757500
5326,1757000
5327,1756000
5328,1757500
5329,1080000
5330,1080000
5331,1080000
5332,1080000
5333,1080000
5334,1080000
5335,1080000
5336,1756000
5337,1755500
5338,1755000
5339,1755000
5340,1755000
5341,1080000
5342,1080000
5343,1080000
5344,1080000
5345,1080000
5346,1755000
5347,1755000
5348,1755000
5349,1755000
5350,1755000
5351,1755000
5352,1755000
5353,1080000
5354,1080000
5355,1080000
5356,1050000
5357,1050000
5358,1050000
5359,1755000
5360,1755000
5361,1755000
5362,1755000
5363,1755000
5364,1050000
5365,1050000
5366,1050000
5367,1050000
5368,1050000
5369,1560000
5370,505000
5371,1755000
5372,1755000
5373,1755000
5374,1755000
5375,1755000
5376,1755000
5377,505000
5378,500000
5379,500000
5380,495000
5381,495000
5382,1755000
5383,1755000
5384,1755000
5385,1755000
5386,1755000
5387,1755000
5388,1755000
5389,495000
5390,495000
5391,495000
5392,495000
5393,495000
5394,495000
5395,495000
5396,1755000
5397,1755000
5398,1755000
5399,1755000
5400,1755000
5401,1755000
5402,1755000
5403,495000
5404,495000
5405,495000
5406,495000
5407,495000
5408,1755000
5409,1755000
5410,1755000
5411,1755000
5412,1755000
5413,1755000
5414,1725000
5415,495000
5416,495000
5417,495000
5418,495000
5419,975000
5420,975000
5421,975000
5422,1725000
5423,1723000
5424,1722000
5425,1720000
5426,1720000
5427,1720000
5428,1720000
5429,1718000
5430,1716000
5431,1715000
5432,1715000
5433,1715000
5434,1713500
5435,1711000
5436,570000
5437,570000
5438,570000
5439,1710000
5440,570000
5441,1710000
5442,1710000
5443,1710000
5444,570000
5445,1710000
5446,570000
5447,1710000
5448,570000
5449,1125000
5450,1675000
5451,1672500
5452,1667500
5453,1665000
5454,2170356
5455,1080000
5456,1080000
5457,1080000
5458,1080000
5459,1080000
5460,1080000
5461,1080000
5462,1080000
5463,1080000
5464,1080000
5465,1080000
5466,1080000
5467,1080000
5468,1080000
5469,1080000
5470,1080000
5471,1080000
5472,1080000
5473,1080000
5474,1080000
5475,1080000
5476,1050000
5477,1050000
5478,1050000
5479,1050000
5480,1050000
5481,1050000
5482,1050000
5483,1050000
5484,1050000
5485,1050000
5486,1050000
5487,1050000
5488,1050000
5489,1050000
5490,1050000
5491,1050000
5492,1050000
5493,1050000
5494,1050000
5495,1050000
5496,1560000
5497,1560000
5498,1560000
5499,1560000
5500,505000
5501,500000
5502,995600
5503,495000
5504,495000
5505,495000
5506,495000
5507,495000
5508,495000
5509,495000
5510,495000
5511,495000
5512,495000
5513,495000
5514,495000
5515,495000
5516,495000
5517,495000
5518,495000
5519,495000
5520,975000
5521,975000
5522,975000
5523,1762500
